,numuser,age,house_type,work
SIMDEUM_1,3,29.16666666666667,family,none
SIMDEUM_3,2,41.0,two_person,one
SIMDEUM_5,1,41.0,one_person,none
SIMDEUM_6,4,34.5,family,two
SIMDEUM_7,4,34.5,family,one
SIMDEUM_8,3,29.16666666666667,family,one
SIMDEUM_10,4,32.125,family,two
SIMDEUM_12,2,56.75,two_person,none
SIMDEUM_15,5,28.7,family,two
SIMDEUM_16,2,41.0,two_person,one
SIMDEUM_23,5,26.8,family,two
SIMDEUM_24,1,41.0,one_person,none
SIMDEUM_25,5,28.7,family,one
SIMDEUM_26,1,41.0,one_person,none
SIMDEUM_30,1,41.0,one_person,none
SIMDEUM_32,4,25.625,family,one
SIMDEUM_34,3,29.16666666666667,family,one
SIMDEUM_36,1,41.0,one_person,none
SIMDEUM_40,2,56.75,two_person,none
SIMDEUM_41,1,41.0,one_person,none
SIMDEUM_42,4,32.125,family,two
SIMDEUM_44,2,41.0,two_person,one
SIMDEUM_46,2,41.0,two_person,none
SIMDEUM_47,5,28.7,family,one
SIMDEUM_48,2,23.25,two_person,none
SIMDEUM_49,5,26.8,family,one
SIMDEUM_50,3,32.333333333333336,family,one
SIMDEUM_57,1,41.0,one_person,none
SIMDEUM_59,2,41.0,two_person,one
SIMDEUM_60,1,41.0,one_person,none
SIMDEUM_63,1,41.0,one_person,none
SIMDEUM_64,1,41.0,one_person,none
SIMDEUM_67,4,34.5,family,one
SIMDEUM_68,2,56.75,two_person,none
SIMDEUM_70,1,41.0,one_person,none
SIMDEUM_75,1,41.0,one_person,none
SIMDEUM_77,4,25.625,family,one
SIMDEUM_79,1,41.0,one_person,none
SIMDEUM_81,3,29.16666666666667,family,one
SIMDEUM_83,2,28.0,two_person,none
SIMDEUM_85,2,41.0,two_person,none
SIMDEUM_87,1,41.0,one_person,none
SIMDEUM_90,4,32.125,family,two
SIMDEUM_94,1,41.0,one_person,none
SIMDEUM_95,2,56.75,two_person,none
SIMDEUM_96,2,41.0,two_person,one
SIMDEUM_98,2,41.0,two_person,one
SIMDEUM_101,1,41.0,one_person,none
SIMDEUM_105,1,41.0,one_person,none
SIMDEUM_106,2,56.75,two_person,none
SIMDEUM_110,2,56.75,two_person,none
SIMDEUM_111,1,41.0,one_person,none
SIMDEUM_114,2,56.75,two_person,none
SIMDEUM_116,1,41.0,one_person,none
SIMDEUM_118,2,41.0,two_person,none
SIMDEUM_123,5,28.7,family,one
SIMDEUM_124,4,25.625,family,one
SIMDEUM_128,2,41.0,two_person,none
SIMDEUM_132,1,41.0,one_person,none
SIMDEUM_133,1,41.0,one_person,none
SIMDEUM_134,2,56.75,two_person,none
SIMDEUM_138,1,41.0,one_person,none
SIMDEUM_143,2,41.0,two_person,none
SIMDEUM_144,1,41.0,one_person,none
SIMDEUM_145,1,41.0,one_person,none
SIMDEUM_146,1,41.0,one_person,none
SIMDEUM_147,1,41.0,one_person,none
SIMDEUM_152,2,41.0,two_person,none
SIMDEUM_154,2,23.25,two_person,none
SIMDEUM_156,4,25.625,family,one
SIMDEUM_158,4,32.125,family,two
SIMDEUM_160,2,56.75,two_person,none
SIMDEUM_163,1,41.0,one_person,none
SIMDEUM_165,2,56.75,two_person,none
SIMDEUM_166,1,41.0,one_person,none
SIMDEUM_167,2,41.0,two_person,none
SIMDEUM_169,4,32.125,family,two
SIMDEUM_171,3,29.16666666666667,family,one
SIMDEUM_172,4,32.125,family,two
SIMDEUM_174,2,41.0,two_person,one
SIMDEUM_175,5,28.7,family,two
SIMDEUM_178,2,56.75,two_person,none
SIMDEUM_186,3,29.16666666666667,family,one
SIMDEUM_188,2,56.75,two_person,none
SIMDEUM_189,4,32.125,family,two
SIMDEUM_190,1,41.0,one_person,none
SIMDEUM_193,3,29.16666666666667,family,one
SIMDEUM_194,3,29.16666666666667,family,one
SIMDEUM_195,1,41.0,one_person,none
SIMDEUM_196,2,41.0,two_person,none
SIMDEUM_197,2,41.0,two_person,none
SIMDEUM_198,2,23.25,two_person,none
SIMDEUM_199,1,41.0,one_person,none
SIMDEUM_204,4,32.125,family,two
SIMDEUM_205,5,28.7,family,two
SIMDEUM_206,4,32.125,family,one
SIMDEUM_209,3,29.16666666666667,family,none
SIMDEUM_211,1,41.0,one_person,none
SIMDEUM_213,5,28.7,family,two
SIMDEUM_214,2,56.75,two_person,none
SIMDEUM_218,2,56.75,two_person,none
SIMDEUM_219,2,41.0,two_person,none
SIMDEUM_222,3,29.16666666666667,family,one
SIMDEUM_226,1,41.0,one_person,none
SIMDEUM_227,2,41.0,two_person,one
SIMDEUM_228,3,29.16666666666667,family,one
SIMDEUM_230,1,41.0,one_person,none
SIMDEUM_231,5,28.7,family,two
SIMDEUM_233,3,32.333333333333336,family,one
SIMDEUM_235,1,41.0,one_person,none
SIMDEUM_237,2,41.0,two_person,one
SIMDEUM_245,2,56.75,two_person,none
SIMDEUM_247,2,41.0,two_person,none
SIMDEUM_248,4,25.625,family,one
SIMDEUM_249,5,26.8,family,two
SIMDEUM_250,4,34.5,family,two
SIMDEUM_251,5,28.7,family,one
SIMDEUM_255,5,28.7,family,one
SIMDEUM_261,1,41.0,one_person,none
SIMDEUM_265,3,29.16666666666667,family,one
SIMDEUM_266,4,32.125,family,none
SIMDEUM_268,5,28.7,family,two
SIMDEUM_269,2,41.0,two_person,one
SIMDEUM_271,3,29.16666666666667,family,one
SIMDEUM_274,1,41.0,one_person,none
SIMDEUM_278,4,25.625,family,none
SIMDEUM_282,2,41.0,two_person,one
SIMDEUM_286,2,28.0,two_person,none
SIMDEUM_289,4,34.5,family,one
SIMDEUM_290,4,32.125,family,two
SIMDEUM_291,2,56.75,two_person,none
SIMDEUM_293,2,41.0,two_person,one
SIMDEUM_295,5,21.6,family,one
SIMDEUM_296,4,34.5,family,two
SIMDEUM_297,2,41.0,two_person,one
SIMDEUM_299,4,32.125,family,two
SIMDEUM_301,2,56.75,two_person,none
SIMDEUM_304,4,25.625,family,one
SIMDEUM_305,4,32.125,family,one
SIMDEUM_307,2,41.0,two_person,one
SIMDEUM_312,1,41.0,one_person,none
SIMDEUM_315,3,32.333333333333336,family,one
SIMDEUM_317,3,29.16666666666667,family,one
SIMDEUM_320,4,34.5,family,two
SIMDEUM_323,4,25.625,family,one
SIMDEUM_324,4,32.125,family,one
SIMDEUM_327,3,29.16666666666667,family,one
SIMDEUM_328,5,28.7,family,two
SIMDEUM_329,4,25.625,family,one
SIMDEUM_331,4,25.625,family,one
SIMDEUM_334,2,56.75,two_person,none
SIMDEUM_335,5,28.7,family,two
SIMDEUM_337,4,25.625,family,one
SIMDEUM_341,4,25.625,family,one
SIMDEUM_344,2,56.75,two_person,none
SIMDEUM_346,3,32.333333333333336,family,one
SIMDEUM_347,3,29.16666666666667,family,one
SIMDEUM_348,5,28.7,family,two
SIMDEUM_352,4,25.625,family,one
SIMDEUM_354,1,41.0,one_person,none
SIMDEUM_355,4,32.125,family,two
SIMDEUM_359,4,25.625,family,one
SIMDEUM_361,1,41.0,one_person,none
SIMDEUM_362,4,25.625,family,one
SIMDEUM_364,1,41.0,one_person,none
SIMDEUM_367,3,32.333333333333336,family,one
SIMDEUM_369,3,32.333333333333336,family,none
SIMDEUM_370,3,29.16666666666667,family,one
SIMDEUM_371,2,56.75,two_person,none
SIMDEUM_372,5,28.7,family,two
SIMDEUM_374,1,41.0,one_person,none
SIMDEUM_377,1,41.0,one_person,none
SIMDEUM_380,5,28.7,family,one
SIMDEUM_385,2,23.25,two_person,none
SIMDEUM_388,4,25.625,family,one
SIMDEUM_389,3,29.16666666666667,family,none
SIMDEUM_390,2,41.0,two_person,one
SIMDEUM_392,1,41.0,one_person,none
SIMDEUM_393,3,29.16666666666667,family,one
SIMDEUM_396,4,25.625,family,none
SIMDEUM_398,2,56.75,two_person,none
SIMDEUM_401,4,25.625,family,one
SIMDEUM_402,3,29.16666666666667,family,one
SIMDEUM_403,1,41.0,one_person,none
SIMDEUM_404,3,29.16666666666667,family,one
SIMDEUM_406,2,41.0,two_person,one
SIMDEUM_407,2,28.0,two_person,none
SIMDEUM_410,4,25.625,family,one
SIMDEUM_411,1,41.0,one_person,none
SIMDEUM_417,2,41.0,two_person,one
SIMDEUM_418,1,41.0,one_person,none
SIMDEUM_421,1,41.0,one_person,none
SIMDEUM_423,3,32.333333333333336,family,one
SIMDEUM_425,3,29.16666666666667,family,one
SIMDEUM_426,5,28.7,family,one
SIMDEUM_427,1,41.0,one_person,none
SIMDEUM_429,1,41.0,one_person,none
SIMDEUM_436,1,41.0,one_person,none
SIMDEUM_442,5,28.7,family,two
SIMDEUM_444,4,34.5,family,two
SIMDEUM_445,3,29.16666666666667,family,one
SIMDEUM_452,4,25.625,family,one
SIMDEUM_453,1,41.0,one_person,none
SIMDEUM_454,1,41.0,one_person,none
SIMDEUM_455,3,29.16666666666667,family,one
SIMDEUM_456,5,21.6,family,one
SIMDEUM_459,4,25.625,family,one
SIMDEUM_462,2,23.25,two_person,none
SIMDEUM_468,1,41.0,one_person,none
SIMDEUM_469,1,41.0,one_person,none
SIMDEUM_470,4,32.125,family,one
SIMDEUM_472,4,25.625,family,one
SIMDEUM_473,2,41.0,two_person,one
SIMDEUM_476,5,28.7,family,two
SIMDEUM_479,4,25.625,family,one
SIMDEUM_481,2,56.75,two_person,none
SIMDEUM_482,2,41.0,two_person,none
SIMDEUM_485,3,29.16666666666667,family,one
SIMDEUM_486,4,34.5,family,two
SIMDEUM_487,2,41.0,two_person,none
SIMDEUM_490,4,34.5,family,two
SIMDEUM_491,2,41.0,two_person,one
SIMDEUM_493,3,32.333333333333336,family,one
SIMDEUM_494,5,21.6,family,one
SIMDEUM_500,1,41.0,one_person,none
SIMDEUM_501,1,41.0,one_person,none
SIMDEUM_503,2,28.0,two_person,none
SIMDEUM_505,4,25.625,family,one
SIMDEUM_507,3,29.16666666666667,family,one
SIMDEUM_513,1,41.0,one_person,none
SIMDEUM_514,3,29.16666666666667,family,one
SIMDEUM_515,2,41.0,two_person,none
SIMDEUM_516,2,41.0,two_person,one
SIMDEUM_517,2,41.0,two_person,one
SIMDEUM_521,4,32.125,family,one
SIMDEUM_522,5,28.7,family,one
SIMDEUM_523,5,28.7,family,two
SIMDEUM_524,2,56.75,two_person,none
SIMDEUM_525,3,29.16666666666667,family,one
SIMDEUM_526,4,25.625,family,one
SIMDEUM_529,5,28.7,family,two
SIMDEUM_530,3,29.16666666666667,family,one
SIMDEUM_532,2,56.75,two_person,none
SIMDEUM_533,1,41.0,one_person,none
SIMDEUM_534,5,28.7,family,two
SIMDEUM_536,3,29.16666666666667,family,none
SIMDEUM_537,3,32.333333333333336,family,none
SIMDEUM_538,2,56.75,two_person,none
SIMDEUM_541,5,28.7,family,two
SIMDEUM_542,4,32.125,family,two
SIMDEUM_543,4,25.625,family,one
SIMDEUM_544,2,41.0,two_person,one
SIMDEUM_545,1,41.0,one_person,none
SIMDEUM_547,5,28.7,family,two
SIMDEUM_551,5,28.7,family,two
SIMDEUM_555,3,29.16666666666667,family,one
SIMDEUM_557,4,25.625,family,one
SIMDEUM_561,3,29.16666666666667,family,one
SIMDEUM_564,2,41.0,two_person,none
SIMDEUM_565,2,41.0,two_person,one
SIMDEUM_566,4,25.625,family,none
SIMDEUM_567,4,32.125,family,two
SIMDEUM_568,1,41.0,one_person,none
SIMDEUM_569,2,41.0,two_person,one
SIMDEUM_574,3,29.16666666666667,family,one
SIMDEUM_575,3,32.333333333333336,family,one
SIMDEUM_576,2,56.75,two_person,none
SIMDEUM_577,5,28.7,family,two
SIMDEUM_580,5,28.7,family,two
SIMDEUM_581,4,32.125,family,two
SIMDEUM_583,4,25.625,family,one
SIMDEUM_585,3,29.16666666666667,family,one
SIMDEUM_588,2,23.25,two_person,none
SIMDEUM_589,3,32.333333333333336,family,one
SIMDEUM_593,1,41.0,one_person,none
SIMDEUM_594,4,25.625,family,one
SIMDEUM_596,4,34.5,family,one
SIMDEUM_597,2,41.0,two_person,none
SIMDEUM_599,5,28.7,family,two
SIMDEUM_600,4,32.125,family,two
SIMDEUM_602,2,41.0,two_person,none
SIMDEUM_603,2,23.25,two_person,none
SIMDEUM_610,3,32.333333333333336,family,one
SIMDEUM_612,2,41.0,two_person,none
SIMDEUM_613,2,23.25,two_person,none
SIMDEUM_614,5,28.7,family,two
SIMDEUM_616,2,56.75,two_person,none
SIMDEUM_620,2,56.75,two_person,none
SIMDEUM_621,1,41.0,one_person,none
SIMDEUM_622,1,41.0,one_person,none
SIMDEUM_623,4,34.5,family,two
SIMDEUM_626,2,28.0,two_person,none
SIMDEUM_627,3,29.16666666666667,family,one
SIMDEUM_629,1,41.0,one_person,none
SIMDEUM_631,3,29.16666666666667,family,one
SIMDEUM_633,2,28.0,two_person,none
SIMDEUM_634,4,25.625,family,one
SIMDEUM_636,4,25.625,family,one
SIMDEUM_637,4,25.625,family,one
SIMDEUM_638,5,28.7,family,two
SIMDEUM_639,1,41.0,one_person,none
SIMDEUM_641,2,41.0,two_person,none
SIMDEUM_642,2,56.75,two_person,none
SIMDEUM_643,3,29.16666666666667,family,one
SIMDEUM_644,2,41.0,two_person,none
SIMDEUM_646,2,56.75,two_person,none
SIMDEUM_649,2,41.0,two_person,one
SIMDEUM_651,3,29.16666666666667,family,one
SIMDEUM_652,1,41.0,one_person,none
SIMDEUM_653,3,29.16666666666667,family,one
SIMDEUM_654,2,56.75,two_person,none
SIMDEUM_655,3,29.16666666666667,family,one
SIMDEUM_660,3,29.16666666666667,family,one
SIMDEUM_669,4,25.625,family,one
SIMDEUM_672,1,41.0,one_person,none
SIMDEUM_674,4,25.625,family,one
SIMDEUM_675,2,41.0,two_person,one
SIMDEUM_680,2,28.0,two_person,none
SIMDEUM_681,1,41.0,one_person,none
SIMDEUM_682,4,25.625,family,one
SIMDEUM_684,2,41.0,two_person,one
SIMDEUM_686,5,28.7,family,two
SIMDEUM_688,1,41.0,one_person,none
SIMDEUM_690,2,56.75,two_person,none
SIMDEUM_691,5,28.7,family,two
SIMDEUM_692,5,28.7,family,two
SIMDEUM_694,2,41.0,two_person,one
SIMDEUM_695,2,41.0,two_person,one
SIMDEUM_696,1,41.0,one_person,none
SIMDEUM_702,4,32.125,family,two
SIMDEUM_706,4,32.125,family,two
SIMDEUM_709,4,25.625,family,one
SIMDEUM_712,2,56.75,two_person,none
SIMDEUM_713,4,32.125,family,two
SIMDEUM_715,4,32.125,family,two
SIMDEUM_716,1,41.0,one_person,none
SIMDEUM_717,5,28.7,family,two
SIMDEUM_720,3,29.16666666666667,family,one
SIMDEUM_721,1,41.0,one_person,none
SIMDEUM_725,4,25.625,family,one
SIMDEUM_726,2,41.0,two_person,one
SIMDEUM_727,4,32.125,family,two
SIMDEUM_729,3,29.16666666666667,family,one
SIMDEUM_731,2,41.0,two_person,one
SIMDEUM_732,1,41.0,one_person,none
SIMDEUM_736,2,28.0,two_person,none
SIMDEUM_738,4,25.625,family,one
SIMDEUM_740,3,29.16666666666667,family,one
SIMDEUM_741,2,41.0,two_person,one
SIMDEUM_742,2,41.0,two_person,one
SIMDEUM_746,1,41.0,one_person,none
SIMDEUM_747,4,25.625,family,one
SIMDEUM_750,1,41.0,one_person,none
SIMDEUM_751,1,41.0,one_person,none
SIMDEUM_753,3,29.16666666666667,family,one
SIMDEUM_754,4,25.625,family,one
SIMDEUM_756,2,56.75,two_person,none
SIMDEUM_757,1,41.0,one_person,none
SIMDEUM_758,1,41.0,one_person,none
SIMDEUM_759,2,41.0,two_person,one
SIMDEUM_763,2,41.0,two_person,none
SIMDEUM_764,2,41.0,two_person,none
SIMDEUM_767,1,41.0,one_person,none
SIMDEUM_768,5,28.7,family,two
SIMDEUM_769,1,41.0,one_person,none
SIMDEUM_770,3,29.16666666666667,family,one
SIMDEUM_772,1,41.0,one_person,none
SIMDEUM_773,5,28.7,family,two
SIMDEUM_775,4,25.625,family,one
SIMDEUM_776,2,41.0,two_person,none
SIMDEUM_778,5,28.7,family,one
SIMDEUM_780,5,26.8,family,two
SIMDEUM_783,1,41.0,one_person,none
SIMDEUM_785,3,29.16666666666667,family,one
SIMDEUM_786,5,28.7,family,two
SIMDEUM_787,2,41.0,two_person,one
SIMDEUM_788,1,41.0,one_person,none
SIMDEUM_789,4,32.125,family,two
SIMDEUM_791,4,32.125,family,one
SIMDEUM_792,2,41.0,two_person,one
SIMDEUM_793,4,25.625,family,one
SIMDEUM_794,5,28.7,family,one
SIMDEUM_795,4,25.625,family,one
SIMDEUM_796,5,28.7,family,one
SIMDEUM_797,4,25.625,family,one
SIMDEUM_801,1,41.0,one_person,none
SIMDEUM_803,1,41.0,one_person,none
SIMDEUM_806,2,41.0,two_person,none
SIMDEUM_808,3,29.16666666666667,family,one
SIMDEUM_810,2,41.0,two_person,none
SIMDEUM_814,2,41.0,two_person,one
SIMDEUM_815,3,32.333333333333336,family,one
SIMDEUM_817,1,41.0,one_person,none
SIMDEUM_818,4,25.625,family,one
SIMDEUM_819,2,56.75,two_person,none
SIMDEUM_823,2,41.0,two_person,none
SIMDEUM_825,4,32.125,family,two
SIMDEUM_826,5,28.7,family,two
SIMDEUM_828,2,41.0,two_person,none
SIMDEUM_829,2,41.0,two_person,one
SIMDEUM_832,1,41.0,one_person,none
SIMDEUM_834,1,41.0,one_person,none
SIMDEUM_838,1,41.0,one_person,none
SIMDEUM_841,4,25.625,family,one
SIMDEUM_844,3,29.16666666666667,family,one
SIMDEUM_848,2,41.0,two_person,one
SIMDEUM_850,4,32.125,family,two
SIMDEUM_851,4,25.625,family,none
SIMDEUM_852,5,26.8,family,two
SIMDEUM_854,4,32.125,family,two
SIMDEUM_856,4,25.625,family,one
SIMDEUM_857,1,41.0,one_person,none
SIMDEUM_858,1,41.0,one_person,none
SIMDEUM_859,2,41.0,two_person,none
SIMDEUM_861,4,34.5,family,two
SIMDEUM_866,1,41.0,one_person,none
SIMDEUM_867,4,32.125,family,one
SIMDEUM_868,5,28.7,family,two
SIMDEUM_869,3,29.16666666666667,family,one
SIMDEUM_870,2,41.0,two_person,one
SIMDEUM_872,1,41.0,one_person,none
SIMDEUM_877,3,29.16666666666667,family,one
SIMDEUM_878,5,28.7,family,one
SIMDEUM_879,4,32.125,family,two
SIMDEUM_881,2,41.0,two_person,one
SIMDEUM_885,3,32.333333333333336,family,one
SIMDEUM_886,3,29.16666666666667,family,one
SIMDEUM_888,5,26.8,family,one
SIMDEUM_896,2,41.0,two_person,one
SIMDEUM_900,2,41.0,two_person,one
SIMDEUM_901,4,32.125,family,two
SIMDEUM_903,4,34.5,family,one
SIMDEUM_907,5,28.7,family,one
SIMDEUM_908,1,41.0,one_person,none
SIMDEUM_909,1,41.0,one_person,none
SIMDEUM_911,3,32.333333333333336,family,one
SIMDEUM_915,5,28.7,family,one
SIMDEUM_916,4,34.5,family,one
SIMDEUM_917,1,41.0,one_person,none
SIMDEUM_919,3,29.16666666666667,family,one
SIMDEUM_921,2,56.75,two_person,none
SIMDEUM_922,3,29.16666666666667,family,one
SIMDEUM_923,5,28.7,family,one
SIMDEUM_924,2,23.25,two_person,none
SIMDEUM_926,1,41.0,one_person,none
SIMDEUM_928,2,56.75,two_person,none
SIMDEUM_930,2,56.75,two_person,none
SIMDEUM_931,2,56.75,two_person,none
SIMDEUM_935,3,29.16666666666667,family,one
SIMDEUM_936,4,32.125,family,two
SIMDEUM_937,2,41.0,two_person,one
SIMDEUM_939,1,41.0,one_person,none
SIMDEUM_941,3,32.333333333333336,family,one
SIMDEUM_942,1,41.0,one_person,none
SIMDEUM_947,2,23.25,two_person,none
SIMDEUM_948,2,41.0,two_person,one
SIMDEUM_951,4,32.125,family,one
SIMDEUM_952,4,32.125,family,one
SIMDEUM_953,3,32.333333333333336,family,one
SIMDEUM_954,5,28.7,family,one
SIMDEUM_956,3,32.333333333333336,family,one
SIMDEUM_957,1,41.0,one_person,none
SIMDEUM_958,5,28.7,family,two
SIMDEUM_963,3,29.16666666666667,family,one
SIMDEUM_965,1,41.0,one_person,none
SIMDEUM_967,4,25.625,family,one
SIMDEUM_968,4,25.625,family,one
SIMDEUM_970,4,32.125,family,one
SIMDEUM_971,2,41.0,two_person,none
SIMDEUM_972,3,29.16666666666667,family,one
SIMDEUM_973,5,28.7,family,one
SIMDEUM_974,2,41.0,two_person,none
SIMDEUM_976,5,28.7,family,two
SIMDEUM_982,2,56.75,two_person,none
SIMDEUM_983,4,32.125,family,two
SIMDEUM_984,1,41.0,one_person,none
SIMDEUM_989,2,41.0,two_person,none
SIMDEUM_990,4,25.625,family,one
SIMDEUM_991,2,28.0,two_person,none
SIMDEUM_995,2,41.0,two_person,none
SIMDEUM_997,2,41.0,two_person,one
SIMDEUM_11,3,29.16666666666667,family,all
SIMDEUM_19,4,25.625,family,all
SIMDEUM_43,3,29.16666666666667,family,all
SIMDEUM_58,3,29.16666666666667,family,all
SIMDEUM_61,5,28.7,family,all
SIMDEUM_65,5,28.7,family,all
SIMDEUM_72,3,29.16666666666667,family,all
SIMDEUM_73,4,25.625,family,all
SIMDEUM_74,4,25.625,family,all
SIMDEUM_78,4,25.625,family,all
SIMDEUM_84,4,25.625,family,all
SIMDEUM_86,3,29.16666666666667,family,all
SIMDEUM_89,4,25.625,family,all
SIMDEUM_92,4,25.625,family,all
SIMDEUM_99,3,29.16666666666667,family,all
SIMDEUM_107,3,29.16666666666667,family,all
SIMDEUM_153,4,25.625,family,all
SIMDEUM_162,4,25.625,family,all
SIMDEUM_173,4,25.625,family,all
SIMDEUM_216,3,29.16666666666667,family,all
SIMDEUM_234,5,28.7,family,all
SIMDEUM_238,4,25.625,family,all
SIMDEUM_240,3,29.16666666666667,family,all
SIMDEUM_252,4,32.125,family,all
SIMDEUM_256,2,23.25,two_person,one
SIMDEUM_262,5,28.7,family,all
SIMDEUM_270,3,29.16666666666667,family,all
SIMDEUM_276,2,23.25,two_person,one
SIMDEUM_281,4,32.125,family,all
SIMDEUM_285,4,25.625,family,all
SIMDEUM_321,4,25.625,family,all
SIMDEUM_322,3,29.16666666666667,family,all
SIMDEUM_350,3,29.16666666666667,family,all
SIMDEUM_360,4,25.625,family,all
SIMDEUM_368,4,32.125,family,all
SIMDEUM_376,5,28.7,family,all
SIMDEUM_381,3,29.16666666666667,family,all
SIMDEUM_386,5,28.7,family,all
SIMDEUM_395,2,23.25,two_person,one
SIMDEUM_405,3,29.16666666666667,family,all
SIMDEUM_409,5,28.7,family,all
SIMDEUM_419,4,32.125,family,all
SIMDEUM_430,5,21.6,family,all
SIMDEUM_443,5,28.7,family,all
SIMDEUM_458,5,26.8,family,all
SIMDEUM_461,4,32.125,family,all
SIMDEUM_464,2,23.25,two_person,one
SIMDEUM_465,5,21.6,family,all
SIMDEUM_474,4,32.125,family,all
SIMDEUM_483,3,29.16666666666667,family,all
SIMDEUM_497,2,23.25,two_person,one
SIMDEUM_509,4,25.625,family,all
SIMDEUM_512,4,25.625,family,all
SIMDEUM_520,3,29.16666666666667,family,all
SIMDEUM_535,4,25.625,family,all
SIMDEUM_539,3,29.16666666666667,family,all
SIMDEUM_549,4,25.625,family,all
SIMDEUM_556,5,28.7,family,all
SIMDEUM_558,4,32.125,family,all
SIMDEUM_573,3,29.16666666666667,family,all
SIMDEUM_586,4,25.625,family,all
SIMDEUM_595,3,29.16666666666667,family,all
SIMDEUM_628,5,21.6,family,all
SIMDEUM_632,4,25.625,family,all
SIMDEUM_640,4,25.625,family,all
SIMDEUM_645,3,29.16666666666667,family,all
SIMDEUM_650,2,23.25,two_person,one
SIMDEUM_661,2,23.25,two_person,one
SIMDEUM_665,4,25.625,family,all
SIMDEUM_677,4,25.625,family,all
SIMDEUM_693,4,25.625,family,all
SIMDEUM_705,4,32.125,family,all
SIMDEUM_707,2,23.25,two_person,one
SIMDEUM_708,3,29.16666666666667,family,all
SIMDEUM_722,4,25.625,family,all
SIMDEUM_730,4,25.625,family,all
SIMDEUM_733,5,21.6,family,all
SIMDEUM_743,5,28.7,family,all
SIMDEUM_760,4,25.625,family,all
SIMDEUM_779,4,32.125,family,all
SIMDEUM_804,2,23.25,two_person,one
SIMDEUM_807,3,29.16666666666667,family,all
SIMDEUM_813,4,32.125,family,all
SIMDEUM_822,4,25.625,family,all
SIMDEUM_842,2,23.25,two_person,one
SIMDEUM_860,4,25.625,family,all
SIMDEUM_874,2,23.25,two_person,one
SIMDEUM_883,4,25.625,family,all
SIMDEUM_892,3,29.16666666666667,family,all
SIMDEUM_902,3,29.16666666666667,family,all
SIMDEUM_905,4,25.625,family,all
SIMDEUM_912,4,25.625,family,all
SIMDEUM_960,5,28.7,family,all
SIMDEUM_964,3,29.16666666666667,family,all
SIMDEUM_985,3,29.16666666666667,family,all
SIMDEUM_1000,5,28.7,family,all
SIMDEUM_2,1,72.5,one_person,retired
SIMDEUM_9,1,72.5,one_person,retired
SIMDEUM_17,1,72.5,one_person,retired
SIMDEUM_18,1,72.5,one_person,retired
SIMDEUM_21,2,72.5,two_person,retired
SIMDEUM_22,1,72.5,one_person,retired
SIMDEUM_27,1,72.5,one_person,retired
SIMDEUM_28,2,56.75,two_person,one
SIMDEUM_45,2,56.75,two_person,one
SIMDEUM_51,1,72.5,one_person,retired
SIMDEUM_54,2,56.75,two_person,one
SIMDEUM_69,1,72.5,one_person,retired
SIMDEUM_71,2,56.75,two_person,one
SIMDEUM_80,1,72.5,one_person,retired
SIMDEUM_82,1,72.5,one_person,retired
SIMDEUM_88,2,56.75,two_person,one
SIMDEUM_93,1,72.5,one_person,retired
SIMDEUM_100,2,56.75,two_person,one
SIMDEUM_103,1,72.5,one_person,retired
SIMDEUM_104,1,72.5,one_person,retired
SIMDEUM_115,1,72.5,one_person,retired
SIMDEUM_121,2,56.75,two_person,one
SIMDEUM_126,1,72.5,one_person,retired
SIMDEUM_131,2,56.75,two_person,one
SIMDEUM_135,2,56.75,two_person,one
SIMDEUM_137,1,72.5,one_person,retired
SIMDEUM_139,2,56.75,two_person,one
SIMDEUM_142,2,56.75,two_person,one
SIMDEUM_149,1,72.5,one_person,retired
SIMDEUM_150,1,72.5,one_person,retired
SIMDEUM_151,2,72.5,two_person,retired
SIMDEUM_155,2,56.75,two_person,one
SIMDEUM_157,1,72.5,one_person,retired
SIMDEUM_161,1,72.5,one_person,retired
SIMDEUM_170,1,72.5,one_person,retired
SIMDEUM_182,1,72.5,one_person,retired
SIMDEUM_183,1,72.5,one_person,retired
SIMDEUM_184,2,72.5,two_person,retired
SIMDEUM_192,2,56.75,two_person,one
SIMDEUM_210,1,72.5,one_person,retired
SIMDEUM_220,1,72.5,one_person,retired
SIMDEUM_225,1,72.5,one_person,retired
SIMDEUM_241,1,72.5,one_person,retired
SIMDEUM_242,2,56.75,two_person,one
SIMDEUM_243,2,56.75,two_person,one
SIMDEUM_254,2,72.5,two_person,retired
SIMDEUM_258,1,72.5,one_person,retired
SIMDEUM_267,2,56.75,two_person,one
SIMDEUM_272,2,56.75,two_person,one
SIMDEUM_273,2,72.5,two_person,retired
SIMDEUM_277,2,56.75,two_person,one
SIMDEUM_279,2,56.75,two_person,one
SIMDEUM_280,1,72.5,one_person,retired
SIMDEUM_284,1,72.5,one_person,retired
SIMDEUM_292,1,72.5,one_person,retired
SIMDEUM_294,2,56.75,two_person,one
SIMDEUM_298,2,56.75,two_person,one
SIMDEUM_303,1,72.5,one_person,retired
SIMDEUM_306,2,56.75,two_person,one
SIMDEUM_308,1,72.5,one_person,retired
SIMDEUM_311,2,72.5,two_person,retired
SIMDEUM_319,2,72.5,two_person,retired
SIMDEUM_333,2,56.75,two_person,one
SIMDEUM_338,2,56.75,two_person,one
SIMDEUM_342,2,72.5,two_person,retired
SIMDEUM_349,1,72.5,one_person,retired
SIMDEUM_363,2,72.5,two_person,retired
SIMDEUM_365,2,56.75,two_person,one
SIMDEUM_375,2,56.75,two_person,one
SIMDEUM_378,2,56.75,two_person,one
SIMDEUM_379,2,56.75,two_person,one
SIMDEUM_383,2,72.5,two_person,retired
SIMDEUM_384,1,72.5,one_person,retired
SIMDEUM_391,1,72.5,one_person,retired
SIMDEUM_399,2,56.75,two_person,one
SIMDEUM_400,1,72.5,one_person,retired
SIMDEUM_408,1,72.5,one_person,retired
SIMDEUM_412,2,72.5,two_person,retired
SIMDEUM_414,1,72.5,one_person,retired
SIMDEUM_415,2,56.75,two_person,one
SIMDEUM_416,2,56.75,two_person,one
SIMDEUM_420,1,72.5,one_person,retired
SIMDEUM_433,1,72.5,one_person,retired
SIMDEUM_434,2,56.75,two_person,one
SIMDEUM_435,1,72.5,one_person,retired
SIMDEUM_441,1,72.5,one_person,retired
SIMDEUM_447,2,56.75,two_person,one
SIMDEUM_460,2,56.75,two_person,one
SIMDEUM_463,2,56.75,two_person,one
SIMDEUM_466,1,72.5,one_person,retired
SIMDEUM_467,2,56.75,two_person,one
SIMDEUM_471,2,56.75,two_person,one
SIMDEUM_475,1,72.5,one_person,retired
SIMDEUM_478,1,72.5,one_person,retired
SIMDEUM_480,2,72.5,two_person,retired
SIMDEUM_488,1,72.5,one_person,retired
SIMDEUM_492,2,56.75,two_person,one
SIMDEUM_506,2,56.75,two_person,one
SIMDEUM_508,2,56.75,two_person,one
SIMDEUM_510,2,56.75,two_person,one
SIMDEUM_519,2,56.75,two_person,one
SIMDEUM_527,2,72.5,two_person,retired
SIMDEUM_528,2,56.75,two_person,one
SIMDEUM_531,2,72.5,two_person,retired
SIMDEUM_546,1,72.5,one_person,retired
SIMDEUM_554,1,72.5,one_person,retired
SIMDEUM_562,2,72.5,two_person,retired
SIMDEUM_571,2,56.75,two_person,one
SIMDEUM_578,1,72.5,one_person,retired
SIMDEUM_584,2,56.75,two_person,one
SIMDEUM_587,1,72.5,one_person,retired
SIMDEUM_592,1,72.5,one_person,retired
SIMDEUM_598,2,72.5,two_person,retired
SIMDEUM_601,1,72.5,one_person,retired
SIMDEUM_604,2,72.5,two_person,retired
SIMDEUM_606,2,72.5,two_person,retired
SIMDEUM_608,2,56.75,two_person,one
SIMDEUM_611,2,56.75,two_person,one
SIMDEUM_615,1,72.5,one_person,retired
SIMDEUM_618,2,56.75,two_person,one
SIMDEUM_624,2,56.75,two_person,one
SIMDEUM_647,1,72.5,one_person,retired
SIMDEUM_659,2,56.75,two_person,one
SIMDEUM_662,2,56.75,two_person,one
SIMDEUM_663,2,56.75,two_person,one
SIMDEUM_664,1,72.5,one_person,retired
SIMDEUM_666,1,72.5,one_person,retired
SIMDEUM_670,2,72.5,two_person,retired
SIMDEUM_671,1,72.5,one_person,retired
SIMDEUM_678,2,72.5,two_person,retired
SIMDEUM_679,1,72.5,one_person,retired
SIMDEUM_685,2,56.75,two_person,one
SIMDEUM_699,2,56.75,two_person,one
SIMDEUM_700,2,56.75,two_person,one
SIMDEUM_701,2,72.5,two_person,retired
SIMDEUM_704,1,72.5,one_person,retired
SIMDEUM_710,2,56.75,two_person,one
SIMDEUM_724,2,56.75,two_person,one
SIMDEUM_734,2,56.75,two_person,one
SIMDEUM_737,1,72.5,one_person,retired
SIMDEUM_739,2,56.75,two_person,one
SIMDEUM_748,2,72.5,two_person,retired
SIMDEUM_752,2,56.75,two_person,one
SIMDEUM_761,1,72.5,one_person,retired
SIMDEUM_771,2,56.75,two_person,one
SIMDEUM_784,2,56.75,two_person,one
SIMDEUM_802,2,72.5,two_person,retired
SIMDEUM_809,2,56.75,two_person,one
SIMDEUM_811,1,72.5,one_person,retired
SIMDEUM_812,2,72.5,two_person,retired
SIMDEUM_816,2,72.5,two_person,retired
SIMDEUM_824,1,72.5,one_person,retired
SIMDEUM_830,2,72.5,two_person,retired
SIMDEUM_833,2,56.75,two_person,one
SIMDEUM_837,1,72.5,one_person,retired
SIMDEUM_839,1,72.5,one_person,retired
SIMDEUM_843,1,72.5,one_person,retired
SIMDEUM_845,2,72.5,two_person,retired
SIMDEUM_847,2,56.75,two_person,one
SIMDEUM_855,2,56.75,two_person,one
SIMDEUM_864,2,56.75,two_person,one
SIMDEUM_865,1,72.5,one_person,retired
SIMDEUM_871,2,56.75,two_person,one
SIMDEUM_873,1,72.5,one_person,retired
SIMDEUM_875,1,72.5,one_person,retired
SIMDEUM_884,2,56.75,two_person,one
SIMDEUM_889,1,72.5,one_person,retired
SIMDEUM_895,2,56.75,two_person,one
SIMDEUM_899,1,72.5,one_person,retired
SIMDEUM_904,2,56.75,two_person,one
SIMDEUM_906,1,72.5,one_person,retired
SIMDEUM_913,1,72.5,one_person,retired
SIMDEUM_918,2,72.5,two_person,retired
SIMDEUM_934,2,72.5,two_person,retired
SIMDEUM_944,1,72.5,one_person,retired
SIMDEUM_945,2,72.5,two_person,retired
SIMDEUM_949,1,72.5,one_person,retired
SIMDEUM_959,1,72.5,one_person,retired
SIMDEUM_961,2,56.75,two_person,one
SIMDEUM_962,2,72.5,two_person,retired
SIMDEUM_969,2,72.5,two_person,retired
SIMDEUM_975,2,56.75,two_person,one
SIMDEUM_978,2,72.5,two_person,retired
SIMDEUM_981,1,72.5,one_person,retired
SIMDEUM_987,1,72.5,one_person,retired
SIMDEUM_994,2,56.75,two_person,one
SIMDEUM_999,1,72.5,one_person,retired
SIMDEUM_4,2,41.0,two_person,all
SIMDEUM_13,2,41.0,two_person,all
SIMDEUM_14,2,41.0,two_person,all
SIMDEUM_20,1,41.0,one_person,one
SIMDEUM_29,1,41.0,one_person,one
SIMDEUM_31,2,41.0,two_person,all
SIMDEUM_33,2,41.0,two_person,all
SIMDEUM_35,3,32.333333333333336,family,all
SIMDEUM_37,1,41.0,one_person,one
SIMDEUM_38,3,32.333333333333336,family,all
SIMDEUM_39,1,41.0,one_person,one
SIMDEUM_52,1,41.0,one_person,one
SIMDEUM_53,1,41.0,one_person,one
SIMDEUM_55,1,41.0,one_person,one
SIMDEUM_56,1,41.0,one_person,one
SIMDEUM_62,2,41.0,two_person,all
SIMDEUM_66,1,41.0,one_person,one
SIMDEUM_76,1,41.0,one_person,one
SIMDEUM_91,1,41.0,one_person,one
SIMDEUM_97,2,41.0,two_person,all
SIMDEUM_102,2,41.0,two_person,all
SIMDEUM_108,1,41.0,one_person,one
SIMDEUM_109,3,32.333333333333336,family,all
SIMDEUM_112,3,32.333333333333336,family,all
SIMDEUM_113,1,41.0,one_person,one
SIMDEUM_117,1,41.0,one_person,one
SIMDEUM_119,2,41.0,two_person,all
SIMDEUM_120,1,41.0,one_person,one
SIMDEUM_122,2,41.0,two_person,all
SIMDEUM_125,1,41.0,one_person,one
SIMDEUM_127,1,41.0,one_person,one
SIMDEUM_129,2,41.0,two_person,all
SIMDEUM_130,1,41.0,one_person,one
SIMDEUM_136,1,41.0,one_person,one
SIMDEUM_140,1,41.0,one_person,one
SIMDEUM_141,1,41.0,one_person,one
SIMDEUM_148,1,41.0,one_person,one
SIMDEUM_159,1,41.0,one_person,one
SIMDEUM_164,2,41.0,two_person,all
SIMDEUM_168,1,41.0,one_person,one
SIMDEUM_176,2,28.0,two_person,one
SIMDEUM_177,2,41.0,two_person,all
SIMDEUM_179,2,41.0,two_person,all
SIMDEUM_180,1,41.0,one_person,one
SIMDEUM_181,2,28.0,two_person,one
SIMDEUM_185,4,34.5,family,all
SIMDEUM_187,2,28.0,two_person,one
SIMDEUM_191,2,41.0,two_person,all
SIMDEUM_200,1,41.0,one_person,one
SIMDEUM_201,1,41.0,one_person,one
SIMDEUM_202,1,41.0,one_person,one
SIMDEUM_203,2,41.0,two_person,all
SIMDEUM_207,1,41.0,one_person,one
SIMDEUM_208,1,41.0,one_person,one
SIMDEUM_212,1,41.0,one_person,one
SIMDEUM_215,1,41.0,one_person,one
SIMDEUM_217,1,41.0,one_person,one
SIMDEUM_221,3,32.333333333333336,family,all
SIMDEUM_223,1,41.0,one_person,one
SIMDEUM_224,2,41.0,two_person,all
SIMDEUM_229,2,41.0,two_person,all
SIMDEUM_232,1,41.0,one_person,one
SIMDEUM_236,2,28.0,two_person,one
SIMDEUM_239,1,41.0,one_person,one
SIMDEUM_244,3,32.333333333333336,family,all
SIMDEUM_246,1,41.0,one_person,one
SIMDEUM_253,1,41.0,one_person,one
SIMDEUM_257,2,41.0,two_person,all
SIMDEUM_259,1,41.0,one_person,one
SIMDEUM_260,2,41.0,two_person,all
SIMDEUM_263,1,41.0,one_person,one
SIMDEUM_264,1,41.0,one_person,one
SIMDEUM_275,2,41.0,two_person,all
SIMDEUM_283,3,32.333333333333336,family,all
SIMDEUM_287,1,41.0,one_person,one
SIMDEUM_288,1,41.0,one_person,one
SIMDEUM_300,2,41.0,two_person,all
SIMDEUM_302,1,41.0,one_person,one
SIMDEUM_309,1,41.0,one_person,one
SIMDEUM_310,1,41.0,one_person,one
SIMDEUM_313,1,41.0,one_person,one
SIMDEUM_314,2,41.0,two_person,all
SIMDEUM_316,1,41.0,one_person,one
SIMDEUM_318,1,41.0,one_person,one
SIMDEUM_325,1,41.0,one_person,one
SIMDEUM_326,2,41.0,two_person,all
SIMDEUM_330,2,41.0,two_person,all
SIMDEUM_332,2,41.0,two_person,all
SIMDEUM_336,2,41.0,two_person,all
SIMDEUM_339,1,41.0,one_person,one
SIMDEUM_340,1,41.0,one_person,one
SIMDEUM_343,1,41.0,one_person,one
SIMDEUM_345,2,41.0,two_person,all
SIMDEUM_351,2,41.0,two_person,all
SIMDEUM_353,2,41.0,two_person,all
SIMDEUM_356,1,41.0,one_person,one
SIMDEUM_357,2,41.0,two_person,all
SIMDEUM_358,2,41.0,two_person,all
SIMDEUM_366,2,41.0,two_person,all
SIMDEUM_373,1,41.0,one_person,one
SIMDEUM_382,1,41.0,one_person,one
SIMDEUM_387,3,32.333333333333336,family,all
SIMDEUM_394,1,41.0,one_person,one
SIMDEUM_397,1,41.0,one_person,one
SIMDEUM_413,1,41.0,one_person,one
SIMDEUM_422,2,41.0,two_person,all
SIMDEUM_424,1,41.0,one_person,one
SIMDEUM_428,2,28.0,two_person,one
SIMDEUM_431,1,41.0,one_person,one
SIMDEUM_432,2,41.0,two_person,all
SIMDEUM_437,1,41.0,one_person,one
SIMDEUM_438,3,32.333333333333336,family,all
SIMDEUM_439,2,41.0,two_person,all
SIMDEUM_440,1,41.0,one_person,one
SIMDEUM_446,1,41.0,one_person,one
SIMDEUM_448,3,32.333333333333336,family,all
SIMDEUM_449,2,41.0,two_person,all
SIMDEUM_450,1,41.0,one_person,one
SIMDEUM_451,2,41.0,two_person,all
SIMDEUM_457,1,41.0,one_person,one
SIMDEUM_477,2,41.0,two_person,all
SIMDEUM_484,1,41.0,one_person,one
SIMDEUM_489,2,41.0,two_person,all
SIMDEUM_495,1,41.0,one_person,one
SIMDEUM_496,2,41.0,two_person,all
SIMDEUM_498,1,41.0,one_person,one
SIMDEUM_499,2,41.0,two_person,all
SIMDEUM_502,2,41.0,two_person,all
SIMDEUM_504,1,41.0,one_person,one
SIMDEUM_511,2,41.0,two_person,all
SIMDEUM_518,2,41.0,two_person,all
SIMDEUM_540,1,41.0,one_person,one
SIMDEUM_548,4,34.5,family,all
SIMDEUM_550,2,41.0,two_person,all
SIMDEUM_552,1,41.0,one_person,one
SIMDEUM_553,1,41.0,one_person,one
SIMDEUM_559,1,41.0,one_person,one
SIMDEUM_560,1,41.0,one_person,one
SIMDEUM_563,1,41.0,one_person,one
SIMDEUM_570,2,41.0,two_person,all
SIMDEUM_572,2,41.0,two_person,all
SIMDEUM_579,1,41.0,one_person,one
SIMDEUM_582,1,41.0,one_person,one
SIMDEUM_590,2,41.0,two_person,all
SIMDEUM_591,1,41.0,one_person,one
SIMDEUM_605,2,41.0,two_person,all
SIMDEUM_607,1,41.0,one_person,one
SIMDEUM_609,2,41.0,two_person,all
SIMDEUM_617,1,41.0,one_person,one
SIMDEUM_619,1,41.0,one_person,one
SIMDEUM_625,1,41.0,one_person,one
SIMDEUM_630,1,41.0,one_person,one
SIMDEUM_635,2,41.0,two_person,all
SIMDEUM_648,1,41.0,one_person,one
SIMDEUM_656,2,41.0,two_person,all
SIMDEUM_657,1,41.0,one_person,one
SIMDEUM_658,2,28.0,two_person,one
SIMDEUM_667,1,41.0,one_person,one
SIMDEUM_668,3,32.333333333333336,family,all
SIMDEUM_673,2,41.0,two_person,all
SIMDEUM_676,2,28.0,two_person,one
SIMDEUM_683,2,28.0,two_person,one
SIMDEUM_687,1,41.0,one_person,one
SIMDEUM_689,1,41.0,one_person,one
SIMDEUM_697,1,41.0,one_person,one
SIMDEUM_698,2,41.0,two_person,all
SIMDEUM_703,1,41.0,one_person,one
SIMDEUM_711,1,41.0,one_person,one
SIMDEUM_714,2,41.0,two_person,all
SIMDEUM_718,2,41.0,two_person,all
SIMDEUM_719,1,41.0,one_person,one
SIMDEUM_723,2,41.0,two_person,all
SIMDEUM_728,2,41.0,two_person,all
SIMDEUM_735,3,32.333333333333336,family,all
SIMDEUM_744,2,41.0,two_person,all
SIMDEUM_745,2,41.0,two_person,all
SIMDEUM_749,1,41.0,one_person,one
SIMDEUM_755,2,41.0,two_person,all
SIMDEUM_762,1,41.0,one_person,one
SIMDEUM_765,1,41.0,one_person,one
SIMDEUM_766,3,32.333333333333336,family,all
SIMDEUM_774,1,41.0,one_person,one
SIMDEUM_777,1,41.0,one_person,one
SIMDEUM_781,1,41.0,one_person,one
SIMDEUM_782,1,41.0,one_person,one
SIMDEUM_790,1,41.0,one_person,one
SIMDEUM_798,2,41.0,two_person,all
SIMDEUM_799,1,41.0,one_person,one
SIMDEUM_800,2,41.0,two_person,all
SIMDEUM_805,2,41.0,two_person,all
SIMDEUM_820,2,41.0,two_person,all
SIMDEUM_821,1,41.0,one_person,one
SIMDEUM_827,1,41.0,one_person,one
SIMDEUM_831,1,41.0,one_person,one
SIMDEUM_835,1,41.0,one_person,one
SIMDEUM_836,2,41.0,two_person,all
SIMDEUM_840,2,28.0,two_person,one
SIMDEUM_846,2,41.0,two_person,all
SIMDEUM_849,1,41.0,one_person,one
SIMDEUM_853,2,41.0,two_person,all
SIMDEUM_862,1,41.0,one_person,one
SIMDEUM_863,1,41.0,one_person,one
SIMDEUM_876,1,41.0,one_person,one
SIMDEUM_880,3,32.333333333333336,family,all
SIMDEUM_882,1,41.0,one_person,one
SIMDEUM_887,1,41.0,one_person,one
SIMDEUM_890,2,41.0,two_person,all
SIMDEUM_891,2,41.0,two_person,all
SIMDEUM_893,2,41.0,two_person,all
SIMDEUM_894,1,41.0,one_person,one
SIMDEUM_897,2,41.0,two_person,all
SIMDEUM_898,1,41.0,one_person,one
SIMDEUM_910,1,41.0,one_person,one
SIMDEUM_914,2,41.0,two_person,all
SIMDEUM_920,1,41.0,one_person,one
SIMDEUM_925,1,41.0,one_person,one
SIMDEUM_927,1,41.0,one_person,one
SIMDEUM_929,1,41.0,one_person,one
SIMDEUM_932,1,41.0,one_person,one
SIMDEUM_933,1,41.0,one_person,one
SIMDEUM_938,2,41.0,two_person,all
SIMDEUM_940,1,41.0,one_person,one
SIMDEUM_943,1,41.0,one_person,one
SIMDEUM_946,1,41.0,one_person,one
SIMDEUM_950,2,41.0,two_person,all
SIMDEUM_955,1,41.0,one_person,one
SIMDEUM_966,1,41.0,one_person,one
SIMDEUM_977,2,41.0,two_person,all
SIMDEUM_979,1,41.0,one_person,one
SIMDEUM_980,2,41.0,two_person,all
SIMDEUM_986,1,41.0,one_person,one
SIMDEUM_988,1,41.0,one_person,one
SIMDEUM_992,3,32.333333333333336,family,all
SIMDEUM_993,2,41.0,two_person,all
SIMDEUM_996,2,41.0,two_person,all
SIMDEUM_998,2,41.0,two_person,all
